Name,price
Dell Latitude E6330 2.7GHz Laptop Intel Core i5 4GB RAM 320GB HDD Windows 7 Pro," $184.31"
" HP Gaming 15.6 TouchScreen 12GB Laptop AMD A12-9720P 3.60GHz 1TB Radeon R7 Win10 "," $419.95"
" NEW! LENOVO 15.6” Laptop Intel 2.40GHz 4GB 1TB DVD+RW WebCam HDMI USB Windows 10 "," $309.95"
"Lenovo Yoga Book Full-HD 10.1"" 2n1 Laptop - 4GB/64GB/Win10 - English/Canadian KB"," $229.99"
" LENOVO FLEX 4 15.6” Full HD TouchScreen Intel 8GB 1TB Convertible 2-in-1 Laptop "," $417.95"
10.1'' 1088 Android 4.4 Notebook Laptop 1.5GHz WSVGA Screen WiFi Camera 1GB+8GB,"$70.99 to $71.99 "
"New listing NEW HP 14"" 14-AX040WM Dual Core Laptop 4GB 32GB SSD Windows 10 Office 365 SEALED"," $189.00"
Jumper Ezbook2 14.0'' Notebook 4GB+64GB 10000mAh Windows 10 Laptop PC Computer," $184.99"
"GPD Pocket 7.0"" Mini Laptop UMPC Windows 10 Quad Core 8GB 128GB Dual WiFi OTG"," $478.00"
"HP 15.6"" TouchScreen Laptop AMD A12/8GB/1TB/Window 10/HDMI PC Bundle BRAND NEW"," $349.99"
NEW! ASUS 15.6” TOUCHSCREEN Laptop Intel Core i5-7200U 8GB 1TB WebCam Windows 10," $497.95"
Student Laptop HP Probook 6550B 15.6'' 1.87GHZ 4GB 250GB Webcam Windows 7 Office," $170.18"
"HP ENVY 17"" Laptop, Intel Core i7, 12GB RAM, 1TB HDD + Extended Warranty Pack"," $999.00"
" NEW Lenovo IdeaPad 15.6"" Intel N3350 2.4GHz 4GB 1TB HDD DVD-RW Windows 10 "," $259.99"
" New HP 14"" Intel DualCore N3060 4GB 32GB SSD Windows 10 + Office 365 Personal "," $249.99"
CHUWI LapBook 64GB 10000mAh PC Laptop 15.6 inch Windows10 Netbook 1080p WiFi," $193.59"
"Dell Latitude E7240 12.5"" FHD Touch Laptop Intel i7 Ultrabook 8GB 256GB SSD W8.1"," $499.00"
"Dell AW17R-47004SLV Alienware 17.3"" Intel i7-7820HK Laptop+Extended Warranty Pac"," $2,099.00"
" New HP 15.6"" 4GB 500GB Quad Core Win 10 DVD Drive HD Vibrant Display WiFi Black "," $299.99"
"YEPO 737A 13.3"" Laptop Windows 10 Intel Quad Core 6GB RAM 128GB/64GB eMMC","$224.99 to $264.99 "
New listing HP 17.3 HD+ TouchScreen 3.60GHz DualCore 4GB 1TB DVD+RW WebCam Windows 10 Laptop," $89.23"
New listing HP 17.3 HD+ TouchScreen 12GB Ram 3.60GHz 1TB DVD+RW WebCam Win10 Powerful Laptop," $81.12"
VOYO i7 / VOYO V3 Pro Notebook 8GB+1024GB 8GB+128GB Windows10 Laptop Intel PC,"$351.49 to $609.99 "
" NEW! ACER ASPIRE 15.6"" A9-9420 3.60GHz 6GB RAM 1TB HD WEBCAM WINDOWS 10 LAPTOP "," $347.95"
Lenovo ThinkPad S1 Yoga TouchScreen Laptop i5-4200U ✔8GB RAM ✔500GB✔WIFI✔Win 10," $299.99"
"HP ENVY 17"" Laptop, Intel Core i7, 12GB RAM, 1TB HDD + Extended Warranty Pack"," $999.00"
"HP Stream 14-ax069st 14"" Laptop 4GB 64GB Windows 10 - White (2NV76UA#ABA)"," $229.19"
"Lenovo T420 Core i7-2640, 2.80ghz 8gb Ram 128 SSD HD Win10 With Charger"," $180.00"
New listing NEW! LENOVO 15.6” Laptop Intel 2.40GHz 4GB 1TB DVD+RW WebCam HDMI USB Windows 10," $104.56"
"2-in-1 Tablet Laptop 10"" Screen 32GB Intel Atom Quad-Core Processor Win 10"," $179.93"
"Dell Latitude E6440 14in. (500GB, Intel Core i5 4th Gen., 2.6GHz, 8GB) Notebook…"," $183.95"
"New listing HP 15-bs020WM 15.6"" Touchscreen Laptop Intel Quad-Core 4GB RAM 500GB HHD Win10"," $270.00
Trending at $279.89 "
"HP EliteBook Folio 9470M 14"" Laptop Core i7-3687U 2.10GHz 16GB 180GB SSD H4P06ET"," $493.57"
( R) MSI GS43VR PHANTOM PRO-069 14'' i7-7700HQ GTX1060 6G 16GB 128 SSD + 1TB," $1,099.00"
dell precision 17” 2.30ghz Core i7-2820QM 265Gb 8gb Ram Win 10 W/ Charger," $260.00"
"SEASONAL SPECIAL, PANASONIC TOUGHBOOK CF-29 INDUSTRIAL RUGGED LAPTOP, BLUETOOTH"," $418.40"
"Lenovo ThinkPad T460s 14"" Intel i5-6300U 2.4GHz 8GB"," $429.00"
" New HP ENVY 15.6"" i7-8550U 4.0GHz 8GB 256SSD 2-in-1 FHD IPS Touch Windows 10 "," $779.99
Trending at $804.99 "
"Brand New, Lenovo ThinkPad 13 2nd. Gen Core i5-7200U, 8GB DDR4, 180GB SSD"," $707.73"
"CHEAP Laptop Samsung NP300E 15.6"" i3-2350M 2.3GHZ 4GB 250GB Windows 7 Webcam"," $243.54"
"ASUS ROG GL703VD-WB71 17.3"" Gaming Laptop - Intel i7 7700HQ | Nvidia GTX 1050"," $1,149.00"
